<!DOCTYPE hibernate-configuration PUBLIC
        "-//Hibernate/Hibernate Configuration DTD 3.0//EN"
        "http://www.hibernate.org/dtd/hibernate-configuration-3.0.dtd">

<hibernate-configuration>

	<session-factory>
	
	<!-- JDBC Database connection settings -->
	<property name="connection.driver_class">com.mysql.cj.jdbc.Driver</property>
	
	<!-- Make sure that you provide available database in the below path -->
	<property name="connection.url">jdbc:mysql://localhost:3306/springmvc</property>
	<property name="connection.username">root</property>
	<property name="connection.password">3575</property>
	
	<!-- Select our SQL dialect -->
	<!-- If you are using MySQL 8 then write it as MYSQL8Dialect -->
	<property name="dialect">org.hibernate.dialect.MySQL8Dialect</property>
	
	<!-- Echo the SQL to stdout -->
	<property name="show_sql">true</property>	
	
	<!-- Set the current session context -->
	<property name="current_session_context_class">thread</property>
	
	<property name="hibernate.hbm2ddl.auto">update</property>
	
	<!-- Below is the path entity classes. if your entity class is different package change it to that -->
	<!-- All the activity should be mapped here -->
	<mapping class ="com.model.Employee"/>
	
	<!--  <mapping class ="com.controller.EmployeeController"/> -->
	
	</session-factory>

</hibernate-configuration>